{"cameraMode":{"drawMode":0,"name":"Shaded","section":"Shading Mode"},"sceneLighting":false,"audioPlay":false,"sceneViewState":{"showFog":true,"showMaterialUpdate":false,"showSkybox":true,"showFlares":true,"showImageEffects":true,"showParticleSystems":true},"in2DMode":false,"pivot":{"x":-5.518234729766846,"y":0.5265426635742188,"z":256.39306640625},"rotation":{"x":0.7049816250801086,"y":-0.00106387073174119,"z":0.0010574371553957463,"w":0.7092239856719971},"size":40.932037353515628,"orthographic":false}