{"cameraMode":{"drawMode":0,"name":"Shaded","section":"Shading Mode"},"sceneLighting":true,"audioPlay":false,"sceneViewState":{"showFog":true,"showMaterialUpdate":false,"showSkybox":true,"showFlares":true,"showImageEffects":true,"showParticleSystems":true},"in2DMode":false,"pivot":{"x":274.5635986328125,"y":-21.674774169921876,"z":237.65476989746095},"rotation":{"x":0.7144923806190491,"y":-9.684926638442448e-9,"z":-8.35991542658121e-8,"w":0.6996432542800903},"size":346.1850280761719,"orthographic":false}